{"lr": 0.00018880340386517785, "dropout": 0.3060324839492084, "optimizer": "Adam"}